<?xml version="1.0" encoding="UTF-8" ?>
<!DOCTYPE mapper
	PUBLIC "-//mybatis.org//DTD Mapper 3.0//EN"
	"http://mybatis.org/dtd/mybatis-3-mapper.dtd">

<mapper namespace="mapper.order">
<!-- 리절트 맵 정의 -->	
	<resultMap id="orderGoodsResult" type="OrderVO">
	    <result property="order_seq_num" column="order_seq_num" />
		<result property="order_id" column="order_id" />
		<result property="member_id" column="member_id" />
		<result property="goods_id" column="goods_id" />
		<result property="goods_title" column="goods_title" />
		<result property="goods_sales_price" column="goods_sales_price" />
		<result property="order_total_price" column="order_total_price" />
		<result property="order_goods_qty" column="order_goods_qty" />
		
		<result property="orderer_name" column="orderer_name" />
		<result property="receiver_name" column="receiver_name" />
		<result property="receiver_hp1" column="receiver_hp1" />
		<result property="receiver_hp2" column="receiver_hp2" />
		<result property="receiver_hp3" column="receiver_hp3" />
		
		<result property="receiver_tel1" column="receiver_tel1" />
		<result property="receiver_tel2" column="receiver_tel2" />
		<result property="receiver_tel3" column="receiver_tel3" />
		<result property="delivery_address" column="delivery_address" />
		<result property="delivery_message" column="delivery_message" />
		
		<result property="delivery_method" column="delivery_method" />
		<result property="gift_wrapping" column="gift_wrapping" />
		<result property="pay_method" column="pay_method" />
		<result property="card_com_name" column="card_com_name" />
		<result property="card_pay_month" column="card_pay_month" />
		
		<result property="pay_orderer_hp_num" column="pay_orderer_hp_num" />
		<result property="pay_order_time" column="pay_order_time" />
		<result property="delivery_state" column="delivery_state" />
		<result property="final_total_price" column="final_total_price" />
		<result property="goods_qty" column="goods_qty" />
		<result property="orderer_hp" column="orderer_hp" />
		<result property="goods_fileName" column="goods_fileName" />
	</resultMap>
	
	 <select id="selectMyOrderList" resultMap="orderGoodsResult"  parameterType="orderVO"  >
	    <![CDATA[
			select * from t_shopping_order
			where to_char(pay_order_time,'yyyy-mm-dd')=to_char(sysdate,'yyyy-mm-dd') 
        	and member_id=#{member_id}
        	order by pay_order_time desc
		]]>
	</select>
	
	
	
	<!-- 
	
		주문 상품 일련 번호를 나타내는 오라클 시퀀스를 생성 하였다 .  다음과 같다.
		
		 CREATE SEQUENCE  "ORDER_SEQ_NUM"  
		 MINVALUE 0 
		 MAXVALUE 10000000 
		 INCREMENT BY 1 
		 START WITH 400 
		 CACHE 20 NOORDER  NOCYCLE ;
		
	
	 -->
		
	<insert id="insertNewOrder" parameterType="orderVO"  >
		<!-- 
			마이바티스에서 제공하는 <selectKey>태그를 이용하여 주문상품 일련 번호를  가져오는 SQL문을 따로 실행하지 않아도 됩니다.
			아래와 같이 바로 시퀀스에서 주문상품 상품일련번호를 가져와 주문 테이블에 추가할수 있습니다. 
			오라클의 시퀀스 번호를 가져온 다음 주문 테이블의 각 레코드 구분번호로 사용합니다. 
			resultType은 얻어오는 결과 값의 타입을!!
		    keyProperty는 결괏값을 받는 컬럼 이름을 의미 합니다. 
		    order는 <selectKey>태그를 포함하는 부모 SQL문이 있는 경우  부모 SQL문을 실행하기 전 또는 후에
		      실행할지의 여부를 지정합니다. (AFTER로 지정할 경우 부모 SQL문을 실행한 후 수행 합니다.)
		 -->
	    <selectKey resultType="int" keyProperty="order_seq_num" order="BEFORE">
	    	select order_seq_num.nextval from dual
	    </selectKey>
	    <![CDATA[
			insert into t_shopping_order(order_seq_num,
			                            order_id,
										  member_id,
									    goods_id,
									    goods_title,
									    goods_fileName,
									    order_goods_qty,
									    goods_sales_price,
									    orderer_name,
									    receiver_name,
									    receiver_hp1,
					                    receiver_hp2,
					                    receiver_hp3,
					                    receiver_tel1,
					                    receiver_tel2,
					                    receiver_tel3,
					                    delivery_address,
					                    delivery_message,
						                delivery_method,
						                gift_wrapping,
						                pay_method,
						                card_com_name,
						                card_pay_month,
						                orderer_hp,
						                pay_orderer_hp_num)
							     values(#{order_seq_num}, 
							            #{order_id},
									    #{member_id},
									    #{goods_id},
									    #{goods_title},
									    #{goods_fileName},
									    #{order_goods_qty},
									    #{goods_sales_price},
									    #{orderer_name},
									    #{receiver_name},
									    #{receiver_hp1},
					                    #{receiver_hp2},
					                    #{receiver_hp3},
					                    #{receiver_tel1},
					                    #{receiver_tel2},
					                    #{receiver_tel3},
					                    #{delivery_address},
					                    #{delivery_message},
						                #{delivery_method},
						                #{gift_wrapping},
						                #{pay_method},
						                #{card_com_name},
						                #{card_pay_month},
						                #{orderer_hp},
						                #{pay_orderer_hp_num})
    	]]>
	</insert>


  <!-- 
 	  OrderDAOImpl클래스 내부의  selectOrderID()메소드에서 호출한  SELECT문장의 태그.
  	   시퀀스를 이용해서  주문시 주문번호를 생성하여 조회 해 옴  -->
   <select id="selectOrderID" resultType="int"  >
	    <![CDATA[
		    select seq_order_id.nextval from dual
    	]]>
	</select>
	
	<select id="selectMyOrder" resultMap="orderGoodsResult"   parameterType="String"  >
	    <![CDATA[
		    select * from t_shopping_order
            where to_char(pay_order_time,'yyyy-mm-dd')=to_char(sysdate,'yyyy-mm-dd') 
            and order_id=#{order_id}
            order by pay_order_time desc
    	]]>
	</select>
	
	<delete id="deleteGoodsFromCart" parameterType="orderVO">
	  delete from t_shopping_cart
	  where goods_id=#{goods_id}
	</delete>
	
</mapper>
